{"best": {"MMD": 0.043832591980054535, "MRR": 0.5729106116106116, "ratio": 13.070425127295856}, "step": 278425}