{"baseline_global_distance_full": 0.265390633498665, "baseline_global_distance": 0.2575780436323839, "baseline_mean_reciprocal_rank": 0.0916853616062401, "baseline_mean_reciprocal_rank_wo_parents": 0.12961739192984778, "baseline_mean_reciprocal_rank_wo_childs": 0.0916853616062401, "baseline_mean_reciprocal_rank_wo_both": 0.12961739192984778, "baseline_global_distance_full_std": 0.0004678722547251624, "baseline_global_distance_std": 0.0004743927860699653, "baseline_mean_reciprocal_rank_std": 0.0003292258151503052, "baseline_mean_reciprocal_rank_wo_parents_std": 9.90534334221803e-05, "baseline_mean_reciprocal_rank_wo_childs_std": 0.0003292258151503052, "baseline_mean_reciprocal_rank_wo_both_std": 9.90534334221803e-05, "val_global_distance": 0.023131574563849473, "val_term_distances": [0.07872985711597674, 0.07793106551834338, 0.07829270523371741, 0.07829861421416384, 0.07839471258768066, 0.07863931489626567, 0.07773034988387742, 0.07710491411663253, 0.07692284192378777, 0.07635488027165813, 0.0766801170361111, 0.07742600352275368, 0.07790369844504819, 0.07627354011794342, 0.07629188029812592, 0.07604873886669018, 0.07615755380841721, 0.07632970028628851, 0.07632155308878778, 0.07649254273301395, 0.07754932499956516, 0.07615838232717084, 0.07739423707820611, 0.0761986307302755, 0.07616344388073606, 0.07620385978716496, 0.07807064513835153, 0.07849543722178058, 0.07697350538464351, 0.0781416615164307, 0.07751323924499406, 0.078659319790195, 0.07859017445230368, 0.07739643978733526, 0.07747722291591572, 0.0765606956912, 0.07765310741365176, 0.0783985274594928, 0.0752696611926594, 0.07527059242427567, 0.07536102695975574, 0.07812941433806017, 0.0774756604434266, 0.07683944353335655, 0.07822243725971278, 0.07535978604344828, 0.07673669897754007, 0.07658731601079084, 0.07569999013167826, 0.07589271919250154], "val_reciprocal_ranks": [0.775, 0.95, 0.85, 0.65, 0.8833333333333334, 1.0, 1.0, 0.6, 0.95, 0.6541666666666667, 0.4061111111111111, 1.0, 1.0, 0.3342857142857143, 0.5726190476190476, 0.5783333333333334, 0.5516666666666666, 0.375, 0.6033333333333334, 0.39928571428571435, 1.0, 0.5666666666666667, 1.0, 0.45, 0.8, 0.6666666666666665, 1.0, 0.8333333333333333, 1.0, 1.0, 0.7, 1.0, 0.85, 1.0, 0.7083333333333333, 1.0, 1.0, 1.0, 0.7, 0.6666666666666666, 0.5333333333333333, 1.0, 1.0, 0.8833333333333332, 1.0, 0.7, 0.9, 1.0, 0.7, 0.9], "val_reciprocal_ranks_wo_parents": [0.775, 0.95, 0.85, 0.65, 0.8833333333333334, 1.0, 1.0, 0.6, 1.0, 0.6541666666666667, 0.4061111111111111, 1.0, 1.0, 0.3342857142857143, 0.575, 0.5783333333333334, 0.6416666666666666, 0.38333333333333336, 0.9, 0.4016666666666667, 1.0, 0.5666666666666667, 1.0, 0.45, 0.8, 1.0, 1.0, 0.8333333333333333, 1.0, 1.0, 0.7, 1.0, 0.85, 1.0, 0.7083333333333333, 1.0, 1.0, 1.0, 0.7, 0.9, 1.0, 1.0, 1.0, 0.8833333333333332, 1.0, 1.0, 1.0, 1.0, 0.7, 1.0], "val_reciprocal_ranks_wo_childs": [1.0, 0.95, 0.85, 0.65, 0.95, 1.0, 1.0, 1.0, 0.95, 0.655952380952381, 0.47833333333333333, 1.0, 1.0, 0.7833333333333333, 0.7416666666666666, 0.6916666666666667, 0.6, 0.6533333333333334, 0.6033333333333334, 0.39928571428571435, 1.0, 0.5999999999999999, 1.0, 1.0, 1.0, 0.6666666666666665, 1.0, 0.9, 1.0, 1.0, 1.0, 1.0, 1.0, 1.0, 0.8833333333333334, 1.0, 1.0, 1.0, 1.0, 0.7, 0.5333333333333333, 1.0, 1.0, 0.95, 1.0, 0.7, 0.9, 1.0, 1.0, 0.9], "val_reciprocal_ranks_wo_both": [1.0, 0.95, 0.85, 0.65, 0.95, 1.0, 1.0, 1.0, 1.0, 0.655952380952381, 0.47833333333333333, 1.0, 1.0, 0.7833333333333333, 0.75, 0.6916666666666667, 0.7, 0.6666666666666667, 0.9, 0.4016666666666667, 1.0, 0.5999999999999999, 1.0, 1.0, 1.0, 1.0, 1.0, 0.9, 1.0, 1.0, 1.0, 1.0, 1.0, 1.0, 0.8833333333333334, 1.0, 1.0, 1.0, 1.0, 1.0, 1.0, 1.0, 1.0, 0.95, 1.0, 1.0, 1.0, 1.0, 1.0, 1.0], "val_mean_reciprocal_rank": 0.7938293650793651, "val_mean_reciprocal_rank_wo_parents": 0.8334912698412698, "val_mean_reciprocal_rank_wo_childs": 0.8738047619047619, "val_mean_reciprocal_rank_wo_both": 0.9152190476190476, "rnd_global_distance": 0.023131574563849594, "rnd_term_distances": [0.08056556233510158, 0.08146303659480698, 0.0820834461701626, 0.08205466319571346, 0.08143573883849134, 0.08157280225852315, 0.09019349654133493, 0.08244450923119297, 0.08253851553169854, 0.0882562245750266, 0.08895478139845428, 0.08681813382895286, 0.08350374970852169, 0.0939916806996696, 0.09400110208658354, 0.09463393669232581, 0.09560282494206476, 0.09609140425755218, 0.09608836560196836, 0.09652112812629857, 0.08610191092374476, 0.09769302389251995, 0.09565410481186142, 0.10140153779356034, 0.10137293013343052, 0.1018406741489819, 0.09082521475292048, 0.11512129980954142, 0.0939232579390373, 0.08529710550131622, 0.11549782122167304, 0.09819916223479133, 0.09981107811510162, 0.12122510362900836, 0.10782506564658614, 0.08471066156318886, 0.11768952536459601, 0.08327083712634212, 0.11120789675664629, 0.11117376308310087, 0.11156939267169086, 0.09375808639217321, 0.10728484465576504, 0.10457953440503813, 0.09856814421310331, 0.11582973476956179, 0.11828369025167378, 0.10925390080541068, 0.10428890012596012, 0.10515867310578357], "rnd_reciprocal_ranks": [0.6241666666666668, 0.4066666666666666, 0.15623015873015872, 0.26785714285714285, 0.3816666666666667, 0.275, 0.06039449112978525, 0.24773809523809526, 0.20218253968253969, 0.06579688285570637, 0.06094187675070027, 0.07554945054945054, 0.10325757575757577, 0.048041802949596736, 0.04745808856792838, 0.04407060330973374, 0.041585577063837934, 0.03805487488246109, 0.03956785404611492, 0.03649996491375801, 0.07454670329670329, 0.0344657791431985, 0.04254325495704807, 0.030020274238727752, 0.03095215717999203, 0.02898980405559353, 0.057006793945648435, 0.02261984854491792, 0.047492691908773345, 0.0837713675213675, 0.021747466305687302, 0.035211098690635136, 0.03233495370035971, 0.02025180923433203, 0.025942919857888536, 0.09842712842712843, 0.02123258150652498, 0.11345238095238097, 0.02394560865491098, 0.023546192416016583, 0.022792207792207794, 0.05180767779664215, 0.025935121702130682, 0.02908482448923625, 0.03380549865192932, 0.021429254360898344, 0.020852026132685574, 0.024606524911402958, 0.02794444410543482, 0.02695689914730162], "rnd_reciprocal_ranks_wo_parents": [0.6241666666666668, 0.4066666666666666, 0.1846428571428571, 0.3027777777777777, 0.44333333333333347, 0.46047619047619043, 0.07409090909090908, 0.4033333333333333, 0.36, 0.0758537296037296, 0.06492269984917046, 0.08183205683205683, 0.11532106782106784, 0.05623943437023933, 0.06093577174459528, 0.04611274233013363, 0.058874269005847954, 0.049402343143761906, 0.05808995528035776, 0.04679713116784055, 0.0805927405927406, 0.03569997052755673, 0.05147765377560774, 0.03804359328272372, 0.044916367004467696, 0.054336476217281174, 0.07173992673992673, 0.02261984854491792, 0.05256218569299065, 0.0837713675213675, 0.021747466305687302, 0.03654632365370905, 0.034576977630370286, 0.020670620236993963, 0.029830712190512983, 0.1688095238095238, 0.021694249504808506, 0.14738095238095236, 0.02515135482080283, 0.025273306040315024, 0.02508023106546855, 0.05811594866054672, 0.028126065030089804, 0.034056289676913896, 0.03499828332586953, 0.024003293926719904, 0.021296522112895844, 0.029737193920630456, 0.02794444410543482, 0.02770597033754928],