{"ratio": 12.600173511244813, "mmd": 0.04482070655435321, "mrr": 0.5647486794814381, "iteration": 22002}