{"ratio": 13.347797157596254, "mmd": 0.03969142960729255, "mrr": 0.5297931512931513, "iteration": 25368}