{"best": {"MMD": 0.046269479464127176, "MRR": 0.5975222222222222, "ratio": 12.913960328546215}, "step": 25900}